id,parentId,Officer,Office_name,Location,Superior_officer,Superior_office_name,Superior_office_location
0,,Engineer in Chief, TNWRD Head quarters, Chennai,,,
1,0,Chief Engineer, Coimbatore region, Coimbatore,Engineer in Chief, TNWRD Head quarters, Chennai
2,1,Superintending Engineer, Bhavani basin circle, Erode,Chief Engineer, Coimbatore region, Coimbatore
3,2,Deputy Superintending Engineer / Executive Engineer, Bhavani basin circle, Erode,Superintending Engineer, Bhavani basin circle, Erode
4,3,Technical Personal Assistant to SE / Assistant Executive Engineer, Bhavani basin circle, Erode,Deputy Superintending Engineer / Executive Engineer, Bhavani basin circle, Erode
5,4,Assistant Engineer (Techincal), Bhavani basin circle, Erode,Technical Personal Assistant to SE / Assistant Executive Engineer, Bhavani basin circle, Erode
6,2,Executive Engineer, Bhavanisagar division, Bhavanisagar,Superintending Engineer, Bhavani basin circle, Erode
7,6,Technical Personal Assistant to EE / Assistant Executive Engineer, Bhavanisagar division, Bhavanisagar,Executive Engineer, Bhavanisagar division, Bhavanisagar
8,6,Assistant Executive Engineer, Bhavanisagar subdivision, Bhavanisagar,Executive Engineer, Bhavanisagar division, Bhavanisagar
9,8,Assistant Engineer, Bhavanisagar dam section, Bhavanisagar,Assistant Executive Engineer, Bhavanisagar subdivision, Bhavanisagar
10,8,Assistant Engineer, Bhavanisagar camp section, Bhavanisagar,Assistant Executive Engineer, Bhavanisagar subdivision, Bhavanisagar
11,8,Assistant Engineer, Bhavanisagar water spread section, Bhavanisagar,Assistant Executive Engineer, Bhavanisagar subdivision, Bhavanisagar
12,6,Assistant Executive Engineer, Gobichettipalayam subdivision, Gobichettipalayam,Executive Engineer, Bhavanisagar division, Bhavanisagar
13,12,Assistant Engineer, Sathyamangalam irrigation section, Sathyamangalam,Assistant Executive Engineer, Gobichettipalayam subdivision, Gobichettipalayam
14,12,Assistant Engineer, Gobichettipalayam irrigation section, Gobichettipalayam,Assistant Executive Engineer, Gobichettipalayam subdivision, Gobichettipalayam
15,12,Assistant Engineer, Vaaniputhur irrigation section, Vaaniputhur,Assistant Executive Engineer, Gobichettipalayam subdivision, Gobichettipalayam
16,6,Assistant Executive Engineer, Bhavani subdivision, Bhavani,Executive Engineer, Bhavanisagar division, Bhavanisagar
17,16,Assistant Engineer, Bhavani irrigation section, Bhavani,Assistant Executive Engineer, Bhavani subdivision, Bhavani
18,16,Assistant Engineer, Anthiyur irrigation section, Anthiyur,Assistant Executive Engineer, Bhavani subdivision, Bhavani
19,16,Assistant Engineer, Ammapettai irrigation section, Ammapettai,Assistant Executive Engineer, Bhavani subdivision, Bhavani
20,6,Assistant Executive Engineer, Coimbatore subdivision, Coimbatore,Executive Engineer, Bhavanisagar division, Bhavanisagar
21,20,Assistant Engineer, Tiruppur irrigation section, Tiruppur,Assistant Executive Engineer, Coimbatore subdivision, Coimbatore
22,20,Assistant Engineer, Noyyal east irrigation section, Coimbatore,Assistant Executive Engineer, Coimbatore subdivision, Coimbatore
23,20,Assistant Engineer, Noyyal west irrigation section, Coimbatore,Assistant Executive Engineer, Coimbatore subdivision, Coimbatore
24,20,Assistant Engineer, Mettupalayam irrigation section, Mettupalayam,Assistant Executive Engineer, Coimbatore subdivision, Coimbatore
25,6,Assistant Executive Engineer, Ooty subdivision, Ooty,Executive Engineer, Bhavanisagar division, Bhavanisagar
26,25,Assistant Engineer, Ooty irrigation section, Ooty,Assistant Executive Engineer, Ooty subdivision, Ooty
27,25,Assistant Engineer, Conoor irrigation section, Conoor,Assistant Executive Engineer, Ooty subdivision, Ooty
28,2,Executive Engineer, Lower Bhavani basin division, Erode,Superintending Engineer, Bhavani basin circle, Erode
29,28,Technical Personal Assistant to EE / Assistant Executive Engineer, Lower Bhavani basin division, Erode,Executive Engineer, Lower Bhavani basin division, Erode
30,28,Assistant Executive Engineer, Lower Bhavani basin subdivision - 1, Erode,Executive Engineer, Lower Bhavani basin division, Erode
31,30,Assistant Engineer, Sivagiri irrigation section, Sivagiri,Assistant Executive Engineer, Lower Bhavani basin subdivision - 1, Erode
32,30,Assistant Engineer, Modakurichi irrigation section, Modakurichi,Assistant Executive Engineer, Lower Bhavani basin subdivision - 1, Erode
33,30,Assistant Engineer, Arachalur irrigation section, Arachalur,Assistant Executive Engineer, Lower Bhavani basin subdivision - 1, Erode
34,28,Assistant Executive Engineer, Lower Bhavani basin subdivision - 2, Erode,Executive Engineer, Lower Bhavani basin division, Erode
35,34,Assistant Engineer, Erode irrigation section, Erode,Assistant Executive Engineer, Lower Bhavani basin subdivision - 2, Erode
36,34,Assistant Engineer, Chithode irrigation section, Chithode,Assistant Executive Engineer, Lower Bhavani basin subdivision - 2, Erode
37,34,Assistant Engineer, Unjalur irrigation section, Unjalur,Assistant Executive Engineer, Lower Bhavani basin subdivision - 2, Erode
38,34,Assistant Engineer, Kalingarayan irrigation section, Kalingarayanpalayam,Assistant Executive Engineer, Lower Bhavani basin subdivision - 2, Erode
39,28,Assistant Executive Engineer, Lower Bhavani basin subdivision - 3, Erode,Executive Engineer, Lower Bhavani basin division, Erode
40,39,Assistant Engineer, Kangeyam irrigation section, Kangeyam,Assistant Executive Engineer, Lower Bhavani basin subdivision - 3, Erode
41,39,Assistant Engineer, Chennimalai irrigation section, Chennimalai,Assistant Executive Engineer, Lower Bhavani basin subdivision - 3, Erode
42,39,Assistant Engineer, Muthur irrigation section, Muthur,Assistant Executive Engineer, Lower Bhavani basin subdivision - 3, Erode
43,39,Assistant Engineer, K.Paramathi irrigation section, K.Paramathi,Assistant Executive Engineer, Lower Bhavani basin subdivision - 3, Erode
44,28,Assistant Executive Engineer, Lower Bhavani Project canal subdivision, Gobichettipalayam,Executive Engineer, Lower Bhavani basin division, Erode
45,44,Assistant Engineer, Sathyamanagalam irrigation section, Sathyamanagalam,Assistant Executive Engineer, Lower Bhavani Project canal subdivision, Gobichettipalayam
46,44,Assistant Engineer, Gobichettipalayam irrigation section - 1, Gobichettipalayam,Assistant Executive Engineer, Lower Bhavani Project canal subdivision, Gobichettipalayam
47,44,Assistant Engineer, Gobichettipalayam irrigation section - 2, Gobichettipalayam,Assistant Executive Engineer, Lower Bhavani Project canal subdivision, Gobichettipalayam
48,44,Assistant Engineer, Kavundapadi irrigation section, Kavundapadi,Assistant Executive Engineer, Lower Bhavani Project canal subdivision, Gobichettipalayam
49,1,Superintending Engineer, Parambikulam Aliyar basin circle, Pollachi,Chief Engineer, Coimbatore region, Coimbatore
50,49,Deputy Superintending Engineer / Executive Engineer, Parambikulam Aliyar basin circle, Pollachi,Superintending Engineer, Parambikulam Aliyar basin circle, Pollachi
51,50,Technical Personal Assistant to SE / Assistant Executive Engineer, Parambikulam Aliyar basin circle, Pollachi,Deputy Superintending Engineer / Executive Engineer, Parambikulam Aliyar basin circle, Pollachi
52,51,Assistant Engineer (Techincal), Parambikulam Aliyar basin circle, Pollachi,Technical Personal Assistant to SE / Assistant Executive Engineer, Parambikulam Aliyar basin circle, Pollachi
53,49,Executive Engineer, Sholyar basin division, Valparai,Superintending Engineer, Parambikulam Aliyar basin circle, Pollachi
54,53,Assistant Executive Engineer, Lower Nirar dam subdivision, Valparai,Executive Engineer, Sholyar basin division, Valparai
55,54,Assistant Engineer, Valparai camp section, Valparai,Assistant Executive Engineer, Lower Nirar dam subdivision, Valparai
56,54,Assistant Engineer, Lower Nirar dam section, Nirar dam,Assistant Executive Engineer, Lower Nirar dam subdivision, Valparai
57,54,Assistant Engineer, Upper Nirar Weir section, Chinnakalar,Assistant Executive Engineer, Lower Nirar dam subdivision, Valparai
58,53,Assistant Executive Engineer, Sholayar dam subdivision, Sholayar nagar,Executive Engineer, Sholyar basin division, Valparai
59,58,Assistant Engineer, Camp section, Sholayar nagar,Assistant Executive Engineer, Sholayar dam subdivision, Sholayar nagar
60,58,Assistant Engineer, Dam section, Sholayar nagar,Assistant Executive Engineer, Sholayar dam subdivision, Sholayar nagar
61,58,Assistant Engineer, Tunnel section, Sholayar nagar,Assistant Executive Engineer, Sholayar dam subdivision, Sholayar nagar
62,58,Executive Engineer, Parambikulam division, Parambikulam,Assistant Executive Engineer, Sholayar dam subdivision, Sholayar nagar
63,53,Assistant Executive Engineer, Parambikulam basin subdivision, Parambikulam,Executive Engineer, Sholyar basin division, Valparai
64,63,Assistant Engineer, Parambikulam camp section, Parambikulam,Assistant Executive Engineer, Parambikulam basin subdivision, Parambikulam
65,63,Assistant Engineer, Dam section, Parambikulam,Assistant Executive Engineer, Parambikulam basin subdivision, Parambikulam
66,63,Assistant Engineer, Thunacadavu & Peruvaripallam dam section, Thunacadavu,Assistant Executive Engineer, Parambikulam basin subdivision, Parambikulam
67,53,Assistant Executive Engineer, Parambikulam basin subdivision, Vettaikaranpudur,Executive Engineer, Sholyar basin division, Valparai
68,67,Assistant Engineer, Canal section - 1, Vettaikaranpudur,Assistant Executive Engineer, Parambikulam basin subdivision, Vettaikaranpudur
69,67,Assistant Engineer, Canal section - 2, Aliyar nagar,Assistant Executive Engineer, Parambikulam basin subdivision, Vettaikaranpudur
70,67,Assistant Engineer, Canal section - 3, Pollachi,Assistant Executive Engineer, Parambikulam basin subdivision, Vettaikaranpudur
71,53,Assistant Executive Engineer, Contour canal subdivision, Aliyar nagar,Executive Engineer, Sholyar basin division, Valparai
72,71,Assistant Engineer, Contour canal section - 1, Sarkarpathi,Assistant Executive Engineer, Contour canal subdivision, Aliyar nagar
73,71,Assistant Engineer, Contour canal section - 2, Aliyar nagar,Assistant Executive Engineer, Contour canal subdivision, Aliyar nagar
74,71,Assistant Engineer, Contour canal section - 3, Aliyar nagar,Assistant Executive Engineer, Contour canal subdivision, Aliyar nagar
75,71,Assistant Engineer, Contour canal section - 4, Aliyar nagar,Assistant Executive Engineer, Contour canal subdivision, Aliyar nagar
76,53,Assistant Executive Engineer, Gauging subdivision, Aliyar nagar,Executive Engineer, Sholyar basin division, Valparai
77,76,Assistant Engineer, Gauging section, Aliyar nagar,Assistant Executive Engineer, Gauging subdivision, Aliyar nagar
78,76,Assistant Engineer, Gauging section, Manacadavu,Assistant Executive Engineer, Gauging subdivision, Aliyar nagar
79,76,Assistant Engineer, Gauging section, Sholayar nagar,Assistant Executive Engineer, Gauging subdivision, Aliyar nagar
80,49,Executive Engineer, Aliyar basin division, Pollachi,Superintending Engineer, Parambikulam Aliyar basin circle, Pollachi
81,80,Technical Personal Assistant to EE / Assistant Executive Engineer, Aliyar basin division, Pollachi,Executive Engineer, Aliyar basin division, Pollachi
82,80,Assistant Executive Engineer, Aliyar basin subdivision - 1, Pollachi,Executive Engineer, Aliyar basin division, Pollachi
83,82,Assistant Engineer, Pollachi camp section, Pollachi,Assistant Executive Engineer, Aliyar basin subdivision - 1, Pollachi
84,82,Assistant Engineer, Canal section - 1, Thirumoorthy nagar,Assistant Executive Engineer, Aliyar basin subdivision - 1, Pollachi
85,82,Assistant Engineer, Canal section - 2, Pollachi,Assistant Executive Engineer, Aliyar basin subdivision - 1, Pollachi
86,82,Assistant Engineer, Canal section - 3, Negamam,Assistant Executive Engineer, Aliyar basin subdivision - 1, Pollachi
87,80,Assistant Executive Engineer, Aliyar basin subdivision - 2, Palladam,Executive Engineer, Aliyar basin division, Pollachi
88,87,Assistant Engineer, Palladam camp section, Palladam,Assistant Executive Engineer, Aliyar basin subdivision - 2, Palladam
89,87,Assistant Engineer, Kundadam irrg. section, Kundadam,Assistant Executive Engineer, Aliyar basin subdivision - 2, Palladam
90,87,Assistant Engineer, Senjeripudur irrg. section, Senjeripudur,Assistant Executive Engineer, Aliyar basin subdivision - 2, Palladam
91,87,Assistant Engineer, Sulthanpet irrg. section, Sulthanpet,Assistant Executive Engineer, Aliyar basin subdivision - 2, Palladam
92,87,Assistant Engineer, Negamam irrg. section, Negamam,Assistant Executive Engineer, Aliyar basin subdivision - 2, Palladam
93,80,Assistant Executive Engineer, Aliyar basin subdivision - 3, Pongalur,Executive Engineer, Aliyar basin division, Pollachi
94,93,Assistant Engineer, Pongalur irrg. section - 1, Pongalur,Assistant Executive Engineer, Aliyar basin subdivision - 3, Pongalur
95,93,Assistant Engineer, Pongalur irrg. section - 2, Pongalur,Assistant Executive Engineer, Aliyar basin subdivision - 3, Pongalur
96,93,Assistant Engineer, Kangeyam irrg. section - 3, Kangeyam,Assistant Executive Engineer, Aliyar basin subdivision - 3, Pongalur
97,80,Assistant Executive Engineer, Aliyar workshop subdivision, Aliyar nagar,Executive Engineer, Aliyar basin division, Pollachi
98,97,Assistant Engineer, Aliyar workshop section - 1, Aliyar nagar,Assistant Executive Engineer, Aliyar workshop subdivision, Aliyar nagar
99,97,Assistant Engineer, Aliyar workshop section - 2, Aliyar nagar,Assistant Executive Engineer, Aliyar workshop subdivision, Aliyar nagar
100,49,Executive Engineer, Thirumurthy division, Udumalaipettai,Superintending Engineer, Parambikulam Aliyar basin circle, Pollachi
101,100,Technical Personal Assistant to EE / Assistant Executive Engineer, Thirumurthy division, Udumalaipettaiv,Executive Engineer, Thirumurthy division, Udumalaipettai
102,100,Assistant Executive Engineer, Earthen dam subdivision, Thirumurthy nagar,Executive Engineer, Thirumurthy division, Udumalaipettai
103,102,Assistant Engineer, Camp & high level canal section, Thirumurthy nagar,Assistant Executive Engineer, Earthen dam subdivision, Thirumurthy nagar
104,102,Assistant Engineer, Dhali canal section, Udumalipettai,Assistant Executive Engineer, Earthen dam subdivision, Thirumurthy nagar
105,102,Assistant Engineer, Dam & contour canal section, Thirumurthy dam,Assistant Executive Engineer, Earthen dam subdivision, Thirumurthy nagar
106,100,Assistant Executive Engineer, Udumalai canal subdivision, Udumalaipettai,Executive Engineer, Thirumurthy division, Udumalaipettai
107,106,Assistant Engineer, Udumalai canal section - 1, Udumalaipettai,Assistant Executive Engineer, Udumalai canal subdivision, Udumalaipettai
108,106,Assistant Engineer, Udumalai canal section - 2, Udumalaipettai,Assistant Executive Engineer, Udumalai canal subdivision, Udumalaipettai
109,106,Assistant Engineer, Pudhupalayam branch canal section, Pethapampatti,Assistant Executive Engineer, Udumalai canal subdivision, Udumalaipettai
110,106,Assistant Engineer, Poolankinaru branch canal section, Udumalaipettai,Assistant Executive Engineer, Udumalai canal subdivision, Udumalaipettai
111,100,Assistant Executive Engineer, Ayacut extension subdivision, Kangeyam,Executive Engineer, Thirumurthy division, Udumalaipettai
112,111,Assistant Engineer, Kangeyam irrg. section - 1, Kangeyam,Assistant Executive Engineer, Ayacut extension subdivision, Kangeyam
113,111,Assistant Engineer, Kangeyam irrg. section - 2, Kangeyam,Assistant Executive Engineer, Ayacut extension subdivision, Kangeyam
114,111,Assistant Engineer, Vellakovil irrg. section - 1, Vellakovil,Assistant Executive Engineer, Ayacut extension subdivision, Kangeyam
115,111,Assistant Engineer, Vellakovil irrg. section - 2, Vellakovil,Assistant Executive Engineer, Ayacut extension subdivision, Kangeyam
116,1,Superintending Engineer, Amaravathi basin circle, Palani,Chief Engineer, Coimbatore region, Coimbatore
117,116,Deputy Superintending Engineer / Executive Engineer, Amaravathi basin circle, Palani,Superintending Engineer, Amaravathi basin circle, Palani
118,117,Technical Personal Assistant to SE / Assistant Executive Engineer, Amaravathi basin circle, Palani,Deputy Superintending Engineer / Executive Engineer, Amaravathi basin circle, Palani
119,116,Executive Engineer, Amaravathy basin division, Dharapuram,Superintending Engineer, Amaravathi basin circle, Palani
120,119,Assistant Engineer (Techincal), Amaravathy basin division, Dharapuram,Executive Engineer, Amaravathy basin division, Dharapuram
121,119,Assistant Executive Engineer, Amaravathy basin subdivision - 1, Koneripatti,Executive Engineer, Amaravathy basin division, Dharapuram
122,121,Assistant Engineer, Uppar dam section - 1, Koneripatti,Assistant Executive Engineer, Amaravathy basin subdivision - 1, Koneripatti
123,121,Assistant Engineer, Uppar dam section - 2, Koneripatti,Assistant Executive Engineer, Amaravathy basin subdivision - 1, Koneripatti
124,121,Assistant Engineer, Uppar dam section - 3, Koneripatti,Assistant Executive Engineer, Amaravathy basin subdivision - 1, Koneripatti
125,119,Assistant Executive Engineer, Amaravathy basin subdivision - 2, Dharapuram,Executive Engineer, Amaravathy basin division, Dharapuram
126,125,Assistant Engineer, Uppar dam section - 1, Dharapuram,Assistant Executive Engineer, Amaravathy basin subdivision - 2, Dharapuram
127,125,Assistant Engineer, Uppar dam section - 2, Dharapuram,Assistant Executive Engineer, Amaravathy basin subdivision - 2, Dharapuram
128,125,Assistant Engineer, Uppar dam section - 3, Dharapuram,Assistant Executive Engineer, Amaravathy basin subdivision - 2, Dharapuram
129,119,Assistant Executive Engineer, Amaravathy basin subdivision - 3, Amaravathy nagar,Executive Engineer, Amaravathy basin division, Dharapuram
130,129,Assistant Engineer, Amaravathy dam & camp section, Amaravathy nagar,Assistant Executive Engineer, Amaravathy basin subdivision - 3, Amaravathy nagar
131,129,Assistant Engineer, Kumaralingam irrg. section, Kumaralingam,Assistant Executive Engineer, Amaravathy basin subdivision - 3, Amaravathy nagar
132,129,Assistant Engineer, Madathukulam irrg. section, Madathukulam,Assistant Executive Engineer, Amaravathy basin subdivision - 3, Amaravathy nagar
133,129,Assistant Engineer, Thalavaipattinam irrg. section, Thalavaipattinam,Assistant Executive Engineer, Amaravathy basin subdivision - 3, Amaravathy nagar
134,119,Assistant Executive Engineer, Amaravathy basin subdivision - 4, Karur,Executive Engineer, Amaravathy basin division, Dharapuram
135,134,Assistant Engineer, Karur irrg. section, Karur,Assistant Executive Engineer, Amaravathy basin subdivision - 4, Karur
136,134,Assistant Engineer, Chinnadharapuram irrg. section, Chinnadharapuram,Assistant Executive Engineer, Amaravathy basin subdivision - 4, Karur
137,134,Assistant Engineer, Dharapuram irrg. section, Dharapuram,Assistant Executive Engineer, Amaravathy basin subdivision - 4, Karur
138,134,Assistant Engineer, Vattamalaikarai odai irrg. section, Vattamalaikarai,Assistant Executive Engineer, Amaravathy basin subdivision - 4, Karur
139,116,Executive Engineer, Nanganjiyar basin division, Palani,Superintending Engineer, Amaravathi basin circle, Palani
140,139,Assistant Engineer (Techincal), Nanganjiyar basin division, Palani,Executive Engineer, Nanganjiyar basin division, Palani
141,139,Assistant Executive Engineer, Nanganjiyar project subdivision - 1, Dindigul,Executive Engineer, Nanganjiyar basin division, Palani
142,141,Assistant Engineer, Nanganjiyar reservoir project section - 1, Dindigul,Assistant Executive Engineer, Nanganjiyar project subdivision - 1, Dindigul
143,141,Assistant Engineer, Nanganjiyar reservoir project section - 2, Dindigul,Assistant Executive Engineer, Nanganjiyar project subdivision - 1, Dindigul
144,141,Assistant Engineer, Nanganjiyar reservoir project section - 3, Dindigul,Assistant Executive Engineer, Nanganjiyar project subdivision - 1, Dindigul
145,141,Assistant Engineer, Nanganjiyar reservoir project section - 4, Dindigul,Assistant Executive Engineer, Nanganjiyar project subdivision - 1, Dindigul
146,139,Assistant Executive Engineer, Nanganjiyar reservoir project subdivision - 2, Idayakottai,Executive Engineer, Nanganjiyar basin division, Palani
147,146,Assistant Engineer, Nanganjiyar reservoir project section - 1, Idayakottai,Assistant Executive Engineer, Nanganjiyar reservoir project subdivision - 2, Idayakottai
148,146,Assistant Engineer, Nanganjiyar reservoir project section - 2, Idayakottai,Assistant Executive Engineer, Nanganjiyar reservoir project subdivision - 2, Idayakottai
149,146,Assistant Engineer, Nanganjiyar reservoir project section - 3, Idayakottai,Assistant Executive Engineer, Nanganjiyar reservoir project subdivision - 2, Idayakottai
150,146,Assistant Engineer, Nanganjiyar reservoir project section - 4, Idayakottai,Assistant Executive Engineer, Nanganjiyar reservoir project subdivision - 2, Idayakottai
151,139,Assistant Executive Engineer, Nanganjiyar reservoir project subdivision - 3, Palani,Executive Engineer, Nanganjiyar basin division, Palani
152,151,Assistant Engineer, Nanganjiyar reservoir project section - 1, Palani,Assistant Executive Engineer, Nanganjiyar reservoir project subdivision - 3, Palani
153,151,Assistant Engineer, Nanganjiyar reservoir project section - 2, Palani,Assistant Executive Engineer, Nanganjiyar reservoir project subdivision - 3, Palani
154,151,Assistant Engineer, Nanganjiyar reservoir project section - 3, Palani,Assistant Executive Engineer, Nanganjiyar reservoir project subdivision - 3, Palani
155,151,Assistant Engineer, Nanganjiyar reservoir project section - 4, Palani,Assistant Executive Engineer, Nanganjiyar reservoir project subdivision - 3, Palani
156,139,Assistant Executive Engineer, Nanganjiyar reservoir project subdivision - 4, Idayakottai,Executive Engineer, Nanganjiyar basin division, Palani
157,156,Assistant Engineer, Nanganjiyar reservoir project section - 1, Idayakottai,Assistant Executive Engineer, Nanganjiyar reservoir project subdivision - 4, Idayakottai
158,156,Assistant Engineer, Nanganjiyar reservoir project section - 2, Idayakottai,Assistant Executive Engineer, Nanganjiyar reservoir project subdivision - 4, Idayakottai
159,156,Assistant Engineer, Nanganjiyar reservoir project section - 3, Idayakottai,Assistant Executive Engineer, Nanganjiyar reservoir project subdivision - 4, Idayakottai
160,156,Assistant Engineer, Nanganjiyar reservoir project section - 4, Idayakottai,Assistant Executive Engineer, Nanganjiyar reservoir project subdivision - 4, Idayakottai
161,139,Assistant Executive Engineer, Kodaganar subdivision, Vedasandur,Executive Engineer, Nanganjiyar basin division, Palani
162,161,Assistant Engineer, Vedasandur irrg. section, Vedasandur,Assistant Executive Engineer, Kodaganar subdivision, Vedasandur
163,161,Assistant Engineer, Kodaganar dam section, Alagapuri,Assistant Executive Engineer, Kodaganar subdivision, Vedasandur
164,161,Assistant Engineer, Parappalar dam section, Oddanchatram,Assistant Executive Engineer, Kodaganar subdivision, Vedasandur
165,139,Assistant Executive Engineer, Palani subdivision, Palani,Executive Engineer, Nanganjiyar basin division, Palani
166,165,Assistant Engineer, Dindigul irrg. section, Dindigul,Assistant Executive Engineer, Palani subdivision, Palani
167,165,Assistant Engineer, Kuthiraiyar dam section, Kuthiraiyar,Assistant Executive Engineer, Palani subdivision, Palani
168,165,Assistant Engineer, Varathamanathi dam section, Oddanchatram,Assistant Executive Engineer, Palani subdivision, Palani
169,165,Assistant Engineer, Palar Porunthalar dam section, Oddanchatram,Assistant Executive Engineer, Palani subdivision, Palani
170,1,Superintending Engineer, Special project circle, Avinashi,Chief Engineer, Coimbatore region, Coimbatore
171,170,Executive Engineer, Special Project division, Perundurai,Superintending Engineer, Special project circle, Avinashi
172,171,Assistant Executive Engineer, Special project subdivision - 1, Bhavani,Executive Engineer, Special Project division, Perundurai
173,172,Assistant Engineer, Special project section - 1, Bhavani,Assistant Executive Engineer, Special project subdivision - 1, Bhavani
174,172,Assistant Engineer, Special project section - 2, Bhavani,Assistant Executive Engineer, Special project subdivision - 1, Bhavani
175,172,Assistant Engineer, Special project section - 3, Bhavani,Assistant Executive Engineer, Special project subdivision - 1, Bhavani
176,172,Assistant Engineer, Special project section - 4, Bhavani,Assistant Executive Engineer, Special project subdivision - 1, Bhavani
177,171,Assistant Executive Engineer, Special project subdivision - 2, Bhavani,Executive Engineer, Special Project division, Perundurai
178,177,Assistant Engineer, Special project section - 1, Bhavani,Assistant Executive Engineer, Special project subdivision - 2, Bhavani
179,177,Assistant Engineer, Special project section - 2, Bhavani,Assistant Executive Engineer, Special project subdivision - 2, Bhavani
180,177,Assistant Engineer, Special project section - 3, Bhavani,Assistant Executive Engineer, Special project subdivision - 2, Bhavani
181,177,Assistant Engineer, Special project section - 4, Bhavani,Assistant Executive Engineer, Special project subdivision - 2, Bhavani
182,171,Assistant Executive Engineer, Special project subdivision - 3, Perundurai,Executive Engineer, Special Project division, Perundurai
183,182,Assistant Engineer, Special project section - 1, Perundurai,Assistant Executive Engineer, Special project subdivision - 3, Perundurai
184,182,Assistant Engineer, Special project section - 2, Perundurai,Assistant Executive Engineer, Special project subdivision - 3, Perundurai
185,182,Assistant Engineer, Special project section - 3, Perundurai,Assistant Executive Engineer, Special project subdivision - 3, Perundurai
186,182,Assistant Engineer, Special project section - 4, Perundurai,Assistant Executive Engineer, Special project subdivision - 3, Perundurai
187,171,Assistant Executive Engineer, Special project subdivision - 4, Perundurai,Executive Engineer, Special Project division, Perundurai
188,187,Assistant Engineer, Special project section - 1, Perundurai,Assistant Executive Engineer, Special project subdivision - 4, Perundurai
189,187,Assistant Engineer, Special project section - 2, Perundurai,Assistant Executive Engineer, Special project subdivision - 4, Perundurai
190,187,Assistant Engineer, Special project section - 3, Perundurai,Assistant Executive Engineer, Special project subdivision - 4, Perundurai
191,170,Executive Engineer, Special Project division, Avinashi,Superintending Engineer, Special project circle, Avinashi
192,191,Assistant Executive Engineer, Special project subdivision - 1, Kunnathur,Executive Engineer, Special Project division, Avinashi
193,192,Assistant Engineer, Special project section - 1, Kunnathur,Assistant Executive Engineer, Special project subdivision - 1, Kunnathur
194,192,Assistant Engineer, Special project section - 2, Kunnathur,Assistant Executive Engineer, Special project subdivision - 1, Kunnathur
195,192,Assistant Engineer, Special project section - 3, Kunnathur,Assistant Executive Engineer, Special project subdivision - 1, Kunnathur
196,192,Assistant Engineer, Special project section - 4, Kunnathur,Assistant Executive Engineer, Special project subdivision - 1, Kunnathur
197,191,Assistant Executive Engineer, Special project subdivision - 2, Avinashi,Executive Engineer, Special Project division, Avinashi
198,197,Assistant Engineer, Special project section - 1, Avinashi,Assistant Executive Engineer, Special project subdivision - 2, Avinashi
199,197,Assistant Engineer, Special project section - 2, Avinashi,Assistant Executive Engineer, Special project subdivision - 2, Avinashi
200,197,Assistant Engineer, Special project section - 3, Avinashi,Assistant Executive Engineer, Special project subdivision - 2, Avinashi
201,197,Assistant Engineer, Special project section - 4, Avinashi,Assistant Executive Engineer, Special project subdivision - 2, Avinashi
202,191,Assistant Executive Engineer, Special project subdivision - 3, Avinashi,Executive Engineer, Special Project division, Avinashi
203,202,Assistant Engineer, Special project section - 1, Avinashi,Assistant Executive Engineer, Special project subdivision - 3, Avinashi
204,202,Assistant Engineer, Special project section - 2, Avinashi,Assistant Executive Engineer, Special project subdivision - 3, Avinashi
205,202,Assistant Engineer, Special project section - 3, Avinashi,Assistant Executive Engineer, Special project subdivision - 3, Avinashi
206,202,Assistant Engineer, Special project section - 4, Avinashi,Assistant Executive Engineer, Special project subdivision - 3, Avinashi
207,191,Assistant Executive Engineer, Special project subdivision - 4, Annur,Executive Engineer, Special Project division, Avinashi
208,207,Assistant Engineer, Special project section - 1, Annur,Assistant Executive Engineer, Special project subdivision - 4, Annur
209,207,Assistant Engineer, Special project section - 2, Annur,Assistant Executive Engineer, Special project subdivision - 4, Annur
210,207,Assistant Engineer, Special project section - 3, Annur,Assistant Executive Engineer, Special project subdivision - 4, Annur
